{"cameraMode":{"drawMode":0,"name":"Shaded","section":"Shading Mode"},"sceneLighting":false,"audioPlay":false,"sceneViewState":{"showFog":true,"showMaterialUpdate":false,"showSkybox":true,"showFlares":true,"showImageEffects":true,"showParticleSystems":true},"in2DMode":false,"pivot":{"x":232.16497802734376,"y":0.9579132199287415,"z":40.54286575317383},"rotation":{"x":-0.41077449917793276,"y":-0.004159890580922365,"z":0.0017195383552461863,"w":-0.9117258787155151},"size":4.611297607421875,"orthographic":false}