{"cameraMode":{"drawMode":0,"name":"Shaded","section":"Shading Mode"},"sceneLighting":false,"audioPlay":false,"sceneViewState":{"showFog":true,"showMaterialUpdate":false,"showSkybox":true,"showFlares":true,"showImageEffects":true,"showParticleSystems":true},"in2DMode":false,"pivot":{"x":217.04458618164063,"y":1.0186915397644044,"z":40.94767761230469},"rotation":{"x":0.317947119474411,"y":-0.6186656355857849,"z":0.30195143818855288,"w":0.6519109606742859},"size":5.224390983581543,"orthographic":false}