{"cameraMode":{"drawMode":0,"name":"Shaded","section":"Shading Mode"},"sceneLighting":false,"audioPlay":false,"sceneViewState":{"showFog":true,"showMaterialUpdate":false,"showSkybox":true,"showFlares":true,"showImageEffects":true,"showParticleSystems":true},"in2DMode":false,"pivot":{"x":215.0778045654297,"y":18.113935470581056,"z":138.50936889648438},"rotation":{"x":-0.07439668476581574,"y":-0.9092124700546265,"z":0.18464426696300507,"w":-0.3656562566757202},"size":17.45560646057129,"orthographic":false}