{"cameraMode":{"drawMode":0,"name":"Shaded","section":"Shading Mode"},"sceneLighting":false,"audioPlay":false,"sceneViewState":{"showFog":true,"showMaterialUpdate":false,"showSkybox":true,"showFlares":true,"showImageEffects":true,"showParticleSystems":true},"in2DMode":false,"pivot":{"x":247.89210510253907,"y":1.9614181518554688,"z":124.89957427978516},"rotation":{"x":0.004104991909116507,"y":-0.9915033578872681,"z":0.033349838107824329,"w":0.1256667673587799},"size":4.849996089935303,"orthographic":false}