{"cameraMode":{"drawMode":0,"name":"Shaded","section":"Shading Mode"},"sceneLighting":false,"audioPlay":false,"sceneViewState":{"showFog":true,"showMaterialUpdate":false,"showSkybox":true,"showFlares":true,"showImageEffects":true,"showParticleSystems":true},"in2DMode":false,"pivot":{"x":206.12008666992188,"y":1.0186915397644044,"z":33.06671905517578},"rotation":{"x":0.3024143874645233,"y":0.6300845146179199,"z":-0.2915358245372772,"w":0.6531047821044922},"size":5.224390983581543,"orthographic":false}