{"cameraMode":{"drawMode":0,"name":"Shaded","section":"Shading Mode"},"sceneLighting":false,"audioPlay":false,"sceneViewState":{"showFog":true,"showMaterialUpdate":false,"showSkybox":true,"showFlares":true,"showImageEffects":true,"showParticleSystems":true},"in2DMode":false,"pivot":{"x":194.71279907226563,"y":0.7799999713897705,"z":261.1047668457031},"rotation":{"x":0.3598630428314209,"y":-0.5588698983192444,"z":0.29277002811431887,"w":0.6873491406440735},"size":22.0,"orthographic":false}