{"cameraMode":{"drawMode":0,"name":"Shaded","section":"Shading Mode"},"sceneLighting":false,"audioPlay":false,"sceneViewState":{"showFog":true,"showMaterialUpdate":false,"showSkybox":true,"showFlares":true,"showImageEffects":true,"showParticleSystems":true},"in2DMode":false,"pivot":{"x":273.8599853515625,"y":20.700000762939454,"z":148.02999877929688},"rotation":{"x":-0.2833889424800873,"y":-0.08940605074167252,"z":0.02641995996236801,"w":-0.9544628858566284},"size":2.8876426219940187,"orthographic":false}