{"cameraMode":{"drawMode":0,"name":"Shaded","section":"Shading Mode"},"sceneLighting":true,"audioPlay":false,"sceneViewState":{"showFog":true,"showMaterialUpdate":false,"showSkybox":true,"showFlares":true,"showImageEffects":true,"showParticleSystems":true},"in2DMode":false,"pivot":{"x":219.0800018310547,"y":0.8299999833106995,"z":62.5},"rotation":{"x":-0.1606101542711258,"y":0.033115554600954059,"z":-0.00556478975340724,"w":-0.9864465594291687},"size":3.1313636302948,"orthographic":false}