{"cameraMode":{"drawMode":0,"name":"Shaded","section":"Shading Mode"},"sceneLighting":false,"audioPlay":false,"sceneViewState":{"showFog":true,"showMaterialUpdate":false,"showSkybox":true,"showFlares":true,"showImageEffects":true,"showParticleSystems":true},"in2DMode":false,"pivot":{"x":249.7849578857422,"y":1.018691062927246,"z":144.461181640625},"rotation":{"x":0.3598630428314209,"y":-0.5588698983192444,"z":0.29277002811431887,"w":0.6873491406440735},"size":5.22438907623291,"orthographic":false}